<x:xmpmeta tsc:version="2.0.1" xmlns:x="adobe:ns:meta/" xmlns:tsc="http://www.techsmith.com/xmp/tsc/">
   <rdf:RDF xmlns:rdf="http://www.w3.org/1999/02/22-rdf-syntax-ns#" xmlns:xmp="http://ns.adobe.com/xap/1.0/" xmlns:xmpDM="http://ns.adobe.com/xmp/1.0/DynamicMedia/" xmlns:xmpG="http://ns.adobe.com/xap/1.0/g/" xmlns:xmpMM="http://ns.adobe.com/xap/1.0/mm/" xmlns:tscDM="http://www.techsmith.com/xmp/tscDM/" xmlns:tscIQ="http://www.techsmith.com/xmp/tscIQ/" xmlns:tscHS="http://www.techsmith.com/xmp/tscHS/" xmlns:stDim="http://ns.adobe.com/xap/1.0/sType/Dimensions#" xmlns:stFnt="http://ns.adobe.com/xap/1.0/sType/Font#" xmlns:exif="http://ns.adobe.com/exif/1.0" xmlns:dc="http://purl.org/dc/elements/1.1/">
      <rdf:Description dc:date="2025-12-09 11:39:14 " dc:source="Camtasia,21.0.19,enu" dc:title="QA-QC generator" tscDM:originId="88454BF1-DB9E-47E2-AEEE-6FA60F9DB49C" tscDM:project="QA-QC generator">
         <xmpDM:duration xmpDM:scale="1/1000" xmpDM:value="346033"/>
         <xmpDM:videoFrameSize stDim:unit="pixel" stDim:h="900" stDim:w="1600"/>
         <tsc:langName>
            <rdf:Bag>
               <rdf:li xml:lang="en-US">English</rdf:li></rdf:Bag>
         </tsc:langName>
         <xmpDM:Tracks>
            <rdf:Bag>
               <rdf:li>
                  <rdf:Description xmpDM:trackType="TableOfContents" xmpDM:frameRate="f1000" xmpDM:trackName="Table of Contents">
                     <xmpDM:markers>
                        <rdf:Seq>
                           <rdf:li><rdf:Description xmpDM:name="Introduction" xmpDM:startTime="0" tscDM:image="QA-QC_generator_Thumbnails.png" tscDM:imageindex="0" tscDM:imageoffset="0" tscDM:imagerect="0, 0, 75, 42"/></rdf:li><rdf:li><rdf:Description xmpDM:name="QA-QC generator into Scannotation" xmpDM:startTime="3900" tscDM:image="QA-QC_generator_Thumbnails.png" tscDM:imageindex="1" tscDM:imageoffset="0" tscDM:imagerect="75, 0, 75, 42"/></rdf:li><rdf:li><rdf:Description xmpDM:name="Automatized processing &amp; Manual curation" xmpDM:startTime="64867" tscDM:image="QA-QC_generator_Thumbnails.png" tscDM:imageindex="2" tscDM:imageoffset="0" tscDM:imagerect="150, 0, 75, 42"/></rdf:li><rdf:li><rdf:Description xmpDM:name="Data processing parameters assessment" xmpDM:startTime="107767" tscDM:image="QA-QC_generator_Thumbnails.png" tscDM:imageindex="3" tscDM:imageoffset="0" tscDM:imagerect="225, 0, 75, 42"/></rdf:li><rdf:li><rdf:Description xmpDM:name="Sensitivity" xmpDM:startTime="134100" tscDM:image="QA-QC_generator_Thumbnails.png" tscDM:imageindex="4" tscDM:imageoffset="0" tscDM:imagerect="300, 0, 75, 42"/></rdf:li><rdf:li><rdf:Description xmpDM:name="Reproductibility" xmpDM:startTime="153633" tscDM:image="QA-QC_generator_Thumbnails.png" tscDM:imageindex="5" tscDM:imageoffset="0" tscDM:imagerect="375, 0, 75, 42"/></rdf:li><rdf:li><rdf:Description xmpDM:name="Integration accuracy" xmpDM:startTime="188100" tscDM:image="QA-QC_generator_Thumbnails.png" tscDM:imageindex="6" tscDM:imageoffset="0" tscDM:imagerect="450, 0, 75, 42"/></rdf:li><rdf:li><rdf:Description xmpDM:name="Precision accuracy" xmpDM:startTime="268867" tscDM:image="QA-QC_generator_Thumbnails.png" tscDM:imageindex="7" tscDM:imageoffset="0" tscDM:imagerect="525, 0, 75, 42"/></rdf:li><rdf:li><rdf:Description xmpDM:name="Report" xmpDM:startTime="284867" tscDM:image="QA-QC_generator_Thumbnails.png" tscDM:imageindex="8" tscDM:imageoffset="0" tscDM:imagerect="600, 0, 75, 42"/></rdf:li><rdf:li><rdf:Description xmpDM:name="Optimizing data pre-processing" xmpDM:startTime="330467" tscDM:image="QA-QC_generator_Thumbnails.png" tscDM:imageindex="9" tscDM:imageoffset="0" tscDM:imagerect="675, 0, 75, 42"/></rdf:li></rdf:Seq>
                     </xmpDM:markers>
                  </rdf:Description>
               </rdf:li>
            </rdf:Bag>
         </xmpDM:Tracks>
         <tscDM:controller>
            <rdf:Description xmpDM:name="tscplayer">
               <tscDM:parameters>
                  <rdf:Bag>
                     <rdf:li xmpDM:name="autohide" xmpDM:value="true"/><rdf:li xmpDM:name="autoplay" xmpDM:value="false"/><rdf:li xmpDM:name="loop" xmpDM:value="false"/><rdf:li xmpDM:name="searchable" xmpDM:value="true"/><rdf:li xmpDM:name="captionsenabled" xmpDM:value="false"/><rdf:li xmpDM:name="sidebarenabled" xmpDM:value="false"/><rdf:li xmpDM:name="unicodeenabled" xmpDM:value="false"/><rdf:li xmpDM:name="backgroundcolor" xmpDM:value="000000"/><rdf:li xmpDM:name="sidebarlocation" xmpDM:value="left"/><rdf:li xmpDM:name="endaction" xmpDM:value="stop"/><rdf:li xmpDM:name="endactionparam" xmpDM:value="true"/><rdf:li xmpDM:name="locale" xmpDM:value="en-US"/></rdf:Bag>
               </tscDM:parameters>
               <tscDM:controllerText>
                  <rdf:Bag>
                  </rdf:Bag>
               </tscDM:controllerText>
            </rdf:Description>
         </tscDM:controller>
         <tscDM:contentList>
            <rdf:Description>
               <tscDM:files>
                  <rdf:Seq>
                     <rdf:li xmpDM:name="0" xmpDM:value="QA-QC generator.mp4"/><rdf:li xmpDM:name="1" xmpDM:value="QA-QC_generator_Thumbnails.png"/></rdf:Seq>
               </tscDM:files>
            </rdf:Description>
         </tscDM:contentList>
      </rdf:Description>
   </rdf:RDF>
</x:xmpmeta>